,name,solved,IK_total,IK_avg,plan_tries,wall_time
0,bookshelf_cage_0000,True,6,6.0,1,1.3509371390100569
1,bookshelf_cage_0001,True,14,14.0,1,1.7716725970094558
2,bookshelf_cage_0002,True,4,4.0,1,0.8093511739862151
3,bookshelf_cage_0003,True,10,5.0,2,7.020670247991802
4,bookshelf_cage_0004,True,1,1.0,1,0.14426206599455327
5,bookshelf_cage_0005,True,1,1.0,1,0.0948597959941253
6,bookshelf_cage_0006,True,10,10.0,1,1.3413263489783276
7,bookshelf_cage_0007,True,4,2.0,2,2.229656376002822
8,bookshelf_cage_0008,True,3,3.0,1,0.09138581602019258
9,bookshelf_cage_0009,True,1,0.5,2,5.064195063983789
10,bookshelf_cage_0010,True,6,6.0,1,0.23403301401413046
11,bookshelf_cage_0011,True,4,4.0,1,0.16125270098564215
12,bookshelf_cage_0012,True,6,6.0,1,1.3127393410250079
13,bookshelf_cage_0013,True,3,3.0,1,0.21012829500250518
14,bookshelf_cage_0014,True,6,6.0,1,0.25076037299004383
15,bookshelf_cage_0015,True,10,10.0,1,1.404278146015713
16,bookshelf_cage_0016,True,25,25.0,1,3.5536506549979094
17,bookshelf_cage_0017,True,2,2.0,1,0.18609860600554384
18,bookshelf_cage_0018,True,3,3.0,1,0.581550242000958
19,bookshelf_cage_0019,True,2,2.0,1,0.3033222569792997
20,bookshelf_cage_0020,True,3,3.0,1,0.19891790798283182
21,bookshelf_cage_0021,True,24,24.0,1,1.8595606979797594
22,bookshelf_cage_0022,True,20,20.0,1,2.5819438549806364
23,bookshelf_cage_0023,True,2,2.0,1,0.22926607000408694
24,bookshelf_cage_0024,True,1,1.0,1,0.34161980799399316
25,bookshelf_cage_0025,True,20,20.0,1,3.421705524000572
26,bookshelf_cage_0026,True,7,3.5,2,1.8672212040110026
27,bookshelf_cage_0027,True,1,1.0,1,0.39821723400382325
28,bookshelf_cage_0028,True,50,25.0,2,8.842079910973553
29,bookshelf_cage_0029,True,1,1.0,1,0.6939952649991028
30,bookshelf_cage_0030,True,19,19.0,1,0.9723890050081536
31,bookshelf_cage_0031,True,2,2.0,1,0.8608323480002582
32,bookshelf_cage_0032,True,2,0.25,8,17.121315978991333
33,bookshelf_cage_0033,True,3,3.0,1,0.6527235160174314
34,bookshelf_cage_0034,True,5,5.0,1,0.6608844680013135
35,bookshelf_cage_0035,True,7,7.0,1,1.1841324089909904
36,bookshelf_cage_0036,True,4,4.0,1,1.1275895310100168
37,bookshelf_cage_0037,True,4,4.0,1,0.11268925000331365
38,bookshelf_cage_0038,True,1,1.0,1,0.20262347999960184
39,bookshelf_cage_0039,True,1,1.0,1,0.1634570689930115
40,bookshelf_cage_0040,True,6,6.0,1,0.3480249439890031
41,bookshelf_cage_0041,True,2,2.0,1,0.2677970699733123
42,bookshelf_cage_0042,True,1,1.0,1,1.1940473449940328
43,bookshelf_cage_0043,True,3,3.0,1,0.8927044440060854
44,bookshelf_cage_0044,True,4,4.0,1,0.9306920990056824
45,bookshelf_cage_0045,True,4,4.0,1,0.22865127999102697
46,bookshelf_cage_0046,True,38,38.0,1,4.193827017006697
47,bookshelf_cage_0047,True,10,10.0,1,2.609441042004619
48,bookshelf_cage_0048,True,6,6.0,1,0.6927761719853152
49,bookshelf_cage_0049,True,11,11.0,1,1.850287206005305
50,bookshelf_cage_0050,True,2,2.0,1,0.16721215599682182
51,bookshelf_cage_0051,True,3,3.0,1,0.28676769699086435
52,bookshelf_cage_0052,True,1,1.0,1,0.38571430498268455
53,bookshelf_cage_0053,True,7,7.0,1,0.8463844189827796
54,bookshelf_cage_0054,True,2,0.6666666666666666,3,2.480871390987886
55,bookshelf_cage_0055,True,24,8.0,3,6.023151909990702
56,bookshelf_cage_0056,True,2,2.0,1,0.8395697149971966
57,bookshelf_cage_0057,True,4,4.0,1,0.5724624459980987
58,bookshelf_cage_0058,True,2,2.0,1,0.38570616001379676
59,bookshelf_cage_0059,True,1,1.0,1,0.6581924939819146
60,bookshelf_cage_0060,True,2,2.0,1,0.8138261180138215
61,bookshelf_cage_0061,True,5,5.0,1,0.8118368290015496
62,bookshelf_cage_0062,True,15,15.0,1,1.4909795080020558
63,bookshelf_cage_0063,True,2,2.0,1,0.7232220690057147
64,bookshelf_cage_0064,True,13,13.0,1,0.3983718169911299
65,bookshelf_cage_0065,True,8,8.0,1,0.6890658370102756
66,bookshelf_cage_0066,True,43,21.5,2,5.345476279995637
67,bookshelf_cage_0067,True,8,8.0,1,0.9475337889743969
68,bookshelf_cage_0068,True,10,5.0,2,4.21080477401847
69,bookshelf_cage_0069,True,6,6.0,1,0.7329540479986463
70,bookshelf_cage_0070,True,33,33.0,1,4.52582509900094
71,bookshelf_cage_0071,True,5,5.0,1,0.6949041819898412
72,bookshelf_cage_0072,True,2,2.0,1,0.0738840879930649
73,bookshelf_cage_0073,True,2,2.0,1,0.15762858698144555
74,bookshelf_cage_0074,True,5,5.0,1,0.9041137009917293
75,bookshelf_cage_0075,True,1,1.0,1,0.943933003989514
76,bookshelf_cage_0076,True,6,3.0,2,2.4269198729889467
77,bookshelf_cage_0077,True,15,15.0,1,2.3417946610134095
78,bookshelf_cage_0078,True,3,3.0,1,0.1879669720074162
79,bookshelf_cage_0079,True,25,25.0,1,3.7154027660144493
80,bookshelf_cage_0080,True,3,1.5,2,7.096955796005204
81,bookshelf_cage_0081,True,6,6.0,1,2.421525122015737
82,bookshelf_cage_0082,True,5,2.5,2,1.685251799004618
83,bookshelf_cage_0083,True,1,1.0,1,0.9091382149781566
84,bookshelf_cage_0084,True,9,9.0,1,0.26501296102651395
85,bookshelf_cage_0085,True,21,10.5,2,5.746339661011007
86,bookshelf_cage_0086,True,6,1.5,4,6.154899970977567
87,bookshelf_cage_0087,True,6,6.0,1,0.16274325698032044
88,bookshelf_cage_0088,True,5,2.5,2,3.2742229959985707
89,bookshelf_cage_0089,True,2,2.0,1,0.2799676489958074
90,bookshelf_cage_0090,True,3,3.0,1,0.5213583529985044
91,bookshelf_cage_0091,True,8,8.0,1,0.7114496199938003
92,bookshelf_cage_0092,True,2,2.0,1,0.1530963479890488
93,bookshelf_cage_0093,True,11,5.5,2,4.454840216989396
94,bookshelf_cage_0094,True,9,9.0,1,1.1451209459919482
95,bookshelf_cage_0095,True,4,4.0,1,0.7089205860102084
96,bookshelf_cage_0096,True,29,29.0,1,3.9846731919969898
97,bookshelf_cage_0097,True,6,6.0,1,1.6955528909747954
98,bookshelf_cage_0098,True,15,7.5,2,2.036710019019665
99,bookshelf_cage_0099,True,16,8.0,2,3.99037252299604
100,bookshelf_cage_0100,True,1,0.5,2,4.073562759993365
101,bookshelf_cage_0101,True,2,2.0,1,0.2857300920004491
102,bookshelf_cage_0102,True,10,10.0,1,1.70229571199161
103,bookshelf_cage_0103,True,2,2.0,1,0.7866588699980639
104,bookshelf_cage_0104,True,5,5.0,1,1.6367065620142967
105,bookshelf_cage_0105,True,7,3.5,2,3.8757666669844184
106,bookshelf_cage_0106,True,1,1.0,1,0.5267530819983222
107,bookshelf_cage_0107,True,7,7.0,1,1.1150125399872195
108,bookshelf_cage_0108,True,9,9.0,1,1.234990172990365
109,bookshelf_cage_0109,True,4,4.0,1,0.6429433310113382
110,bookshelf_cage_0110,True,21,10.5,2,2.5189999759895727
111,bookshelf_cage_0111,True,22,22.0,1,2.5171597259759437
112,bookshelf_cage_0112,True,5,5.0,1,0.23190333400270902
113,bookshelf_cage_0113,True,9,9.0,1,1.358690838998882
114,bookshelf_cage_0114,True,5,5.0,1,0.7659515410196036
115,bookshelf_cage_0115,True,5,5.0,1,0.5674789269978646
116,bookshelf_cage_0116,True,3,3.0,1,0.6666891479981132
117,bookshelf_cage_0117,True,16,16.0,1,3.2482759520062245
118,bookshelf_cage_0118,True,1,0.3333333333333333,3,3.4915145590202883
119,bookshelf_cage_0119,True,4,2.0,2,2.6031028050056193
120,bookshelf_cage_0120,True,21,21.0,1,2.165646048990311
121,bookshelf_cage_0121,True,6,6.0,1,0.9314167260017712
122,bookshelf_cage_0122,True,7,7.0,1,0.7366547959973104
123,bookshelf_cage_0123,True,1,1.0,1,0.5641956370091066
124,bookshelf_cage_0124,True,1,1.0,1,0.284766415017657
125,bookshelf_cage_0125,True,16,16.0,1,1.8387077849765774
126,bookshelf_cage_0126,True,1,0.5,2,3.926002060994506
127,bookshelf_cage_0127,True,7,7.0,1,0.7992024070117623
128,bookshelf_cage_0128,True,15,15.0,1,1.6107442580105271
129,bookshelf_cage_0129,True,7,7.0,1,0.24132495099911466
130,bookshelf_cage_0130,True,1,1.0,1,0.07686468100291677
131,bookshelf_cage_0131,True,10,10.0,1,2.1556994099810254
132,bookshelf_cage_0132,True,2,2.0,1,0.16526300500845537
133,bookshelf_cage_0133,True,5,5.0,1,0.7607864830060862
134,bookshelf_cage_0134,True,6,0.24,25,68.995064955001
135,bookshelf_cage_0135,True,24,24.0,1,4.426659665972693
136,bookshelf_cage_0136,True,20,20.0,1,2.520135297992965
137,bookshelf_cage_0137,True,22,22.0,1,1.991576044994872
138,bookshelf_cage_0138,True,9,9.0,1,1.329632948996732
139,bookshelf_cage_0139,True,2,2.0,1,1.1331025300023612
140,bookshelf_cage_0140,True,33,33.0,1,4.487893947021803
141,bookshelf_cage_0141,True,4,4.0,1,1.3034397090086713
142,bookshelf_cage_0142,True,1,1.0,1,0.4229358819720801
143,bookshelf_cage_0143,True,2,2.0,1,0.2047220389940776
144,bookshelf_cage_0144,True,7,7.0,1,0.42359462901367806
145,bookshelf_cage_0145,True,7,7.0,1,0.7999551460088696
146,bookshelf_cage_0146,True,3,3.0,1,2.236896621005144
147,bookshelf_cage_0147,True,1,1.0,1,0.36207309301244095
148,bookshelf_cage_0148,True,3,3.0,1,0.9917226189863868
149,bookshelf_cage_0149,True,1,1.0,1,0.1358857809973415
150,bookshelf_cage_0150,True,3,3.0,1,0.15254933101823553
151,bookshelf_cage_0151,True,4,4.0,1,0.21904893199098296
152,bookshelf_cage_0152,True,2,2.0,1,0.15677134998259135
153,bookshelf_cage_0153,True,2,2.0,1,0.6801589830138255
154,bookshelf_cage_0154,True,2,2.0,1,0.8200845239916816
155,bookshelf_cage_0155,True,3,3.0,1,0.7958679199800827
156,bookshelf_cage_0156,True,6,6.0,1,0.9264019389811438
157,bookshelf_cage_0157,True,17,4.25,4,7.247523607016774
158,bookshelf_cage_0158,True,24,24.0,1,5.6375816089857835
159,bookshelf_cage_0159,True,1,1.0,1,0.12882851200993173
160,bookshelf_cage_0160,True,16,16.0,1,2.9457224250072613
161,bookshelf_cage_0161,True,11,11.0,1,0.9337545089947525
162,bookshelf_cage_0162,True,3,3.0,1,0.6580455380026251
163,bookshelf_cage_0163,True,2,2.0,1,0.18503312199027278
164,bookshelf_cage_0164,True,4,4.0,1,0.5160982670204248
165,bookshelf_cage_0165,True,2,2.0,1,0.5721881199860945
166,bookshelf_cage_0166,True,6,6.0,1,2.0604582649830263
167,bookshelf_cage_0167,True,14,14.0,1,2.521198919013841
168,bookshelf_cage_0168,True,14,14.0,1,0.9443991919979453
169,bookshelf_cage_0169,True,18,18.0,1,1.4956612240057439
170,bookshelf_cage_0170,True,6,6.0,1,1.1155754149949644
171,bookshelf_cage_0171,True,5,5.0,1,0.7786797620065045
172,bookshelf_cage_0172,True,14,14.0,1,3.2793524769949727
173,bookshelf_cage_0173,True,1,1.0,1,0.3578247200057376
174,bookshelf_cage_0174,True,23,23.0,1,2.9313898530090228
175,bookshelf_cage_0175,True,9,9.0,1,1.1491551219951361
176,bookshelf_cage_0176,True,2,2.0,1,0.165699642006075
177,bookshelf_cage_0177,True,4,4.0,1,0.8613721369765699
178,bookshelf_cage_0178,True,29,29.0,1,3.125099231983768
179,bookshelf_cage_0179,True,16,16.0,1,2.2990689240104984
180,bookshelf_cage_0180,True,3,3.0,1,0.8081129869970027
181,bookshelf_cage_0181,True,5,5.0,1,0.20733146902057342
182,bookshelf_cage_0182,True,6,6.0,1,1.321933244005777
183,bookshelf_cage_0183,True,3,3.0,1,0.13328703999286518
184,bookshelf_cage_0184,True,3,3.0,1,0.6637288430065382
185,bookshelf_cage_0185,True,3,3.0,1,0.34606702500605024
186,bookshelf_cage_0186,True,21,10.5,2,11.75114259601105
187,bookshelf_cage_0187,True,1,1.0,1,0.16898680600570515
188,bookshelf_cage_0188,True,2,2.0,1,0.4532150989980437
189,bookshelf_cage_0189,True,5,5.0,1,0.739374269003747
190,bookshelf_cage_0190,True,3,3.0,1,0.11367921301280148
191,bookshelf_cage_0191,True,7,7.0,1,1.5032254190009553
192,bookshelf_cage_0192,True,3,3.0,1,0.628326592996018
193,bookshelf_cage_0193,True,3,3.0,1,0.17549249599687755
194,bookshelf_cage_0194,True,3,3.0,1,0.18739024698152207
195,bookshelf_cage_0195,True,3,3.0,1,1.4166639860195573
196,bookshelf_cage_0196,True,14,14.0,1,3.516429718991276
197,bookshelf_cage_0197,True,2,0.6666666666666666,3,3.5095281379763037
198,bookshelf_cage_0198,True,9,9.0,1,0.6696391809964553
199,bookshelf_cage_0199,True,4,4.0,1,0.8661037529818714
200,bookshelf_cage_0200,True,3,3.0,1,0.3050457389908843
201,bookshelf_cage_0201,True,14,14.0,1,1.4361483170068823
202,bookshelf_cage_0202,True,14,14.0,1,2.3662265540042426
203,bookshelf_cage_0203,True,5,5.0,1,0.445376674993895
204,bookshelf_cage_0204,True,4,4.0,1,0.15078381600324064
205,bookshelf_cage_0205,True,5,5.0,1,1.4812513100041542
206,bookshelf_cage_0206,True,12,12.0,1,0.8187148659781087
207,bookshelf_cage_0207,True,5,5.0,1,0.6418692849983927
208,bookshelf_cage_0208,True,1,1.0,1,0.19310178700834513
209,bookshelf_cage_0209,True,7,7.0,1,0.19929587497608736
210,bookshelf_cage_0210,True,2,2.0,1,0.6610537640226539
211,bookshelf_cage_0211,True,1,1.0,1,0.14128136000363156
212,bookshelf_cage_0212,True,16,8.0,2,3.471739781991346
213,bookshelf_cage_0213,True,4,4.0,1,1.1346666410099715
214,bookshelf_cage_0214,True,6,3.0,2,2.328719726006966
215,bookshelf_cage_0215,True,13,13.0,1,1.1852886879933067
216,bookshelf_cage_0216,True,12,12.0,1,2.072408109001117
217,bookshelf_cage_0217,True,1,1.0,1,0.23660784799722023
218,bookshelf_cage_0218,True,5,5.0,1,0.3341223879833706
219,bookshelf_cage_0219,True,9,9.0,1,0.6939722249808256
220,bookshelf_cage_0220,True,2,2.0,1,0.1959504400147125
221,bookshelf_cage_0221,True,9,9.0,1,0.9397279320110101
222,bookshelf_cage_0222,True,2,2.0,1,0.24621988899889402
223,bookshelf_cage_0223,True,61,15.25,4,13.204838259989629
224,bookshelf_cage_0224,True,45,11.25,4,23.965078270004597
225,bookshelf_cage_0225,True,5,5.0,1,0.7098156700085383
226,bookshelf_cage_0226,True,13,13.0,1,2.34121653001057
227,bookshelf_cage_0227,True,6,6.0,1,0.12602188001619652
228,bookshelf_cage_0228,True,15,15.0,1,0.8719543199986219
229,bookshelf_cage_0229,True,2,2.0,1,0.2504258029803168
230,bookshelf_cage_0230,True,17,17.0,1,2.387438599980669
231,bookshelf_cage_0231,True,18,18.0,1,1.9090284639969468
232,bookshelf_cage_0232,True,1,1.0,1,1.5333275629964191
233,bookshelf_cage_0233,True,20,20.0,1,3.799992176995147
234,bookshelf_cage_0234,True,2,2.0,1,0.1380121539987158
235,bookshelf_cage_0235,True,3,3.0,1,0.09967276197858155
236,bookshelf_cage_0236,True,15,15.0,1,2.313994038995588
237,bookshelf_cage_0237,True,46,46.0,1,3.6843909040035214
238,bookshelf_cage_0238,True,27,27.0,1,3.71665378799662
239,bookshelf_cage_0239,True,7,7.0,1,1.2753764819935896
240,bookshelf_cage_0240,True,6,6.0,1,1.1695879959734157
241,bookshelf_cage_0241,True,1,0.5,2,1.9041791509953327
242,bookshelf_cage_0242,True,15,15.0,1,1.9582124869921245
243,bookshelf_cage_0243,True,1,1.0,1,0.2641595220193267
244,bookshelf_cage_0244,True,1,1.0,1,0.12282539400621317
245,bookshelf_cage_0245,True,1,1.0,1,0.6200735729944427
246,bookshelf_cage_0246,True,1,1.0,1,0.3900903569883667
247,bookshelf_cage_0247,True,10,10.0,1,1.373517111002002
248,bookshelf_cage_0248,True,2,2.0,1,1.659176221000962
249,bookshelf_cage_0249,True,4,4.0,1,0.18224919799831696
250,bookshelf_cage_0250,True,1,1.0,1,0.15362922498025
251,bookshelf_cage_0251,True,11,11.0,1,2.930941767001059
252,bookshelf_cage_0252,True,4,4.0,1,0.7774568900058512
253,bookshelf_cage_0253,True,1,1.0,1,0.197264760005055
254,bookshelf_cage_0254,True,17,17.0,1,2.933499373990344
255,bookshelf_cage_0255,True,2,2.0,1,0.2255075049761217
256,bookshelf_cage_0256,True,16,16.0,1,0.7503082470211666
257,bookshelf_cage_0257,True,28,2.3333333333333335,12,33.463092704012524
258,bookshelf_cage_0258,True,3,3.0,1,0.4554811159905512
259,bookshelf_cage_0259,True,6,6.0,1,0.22343375501804985
260,bookshelf_cage_0260,True,3,3.0,1,0.20562494499608874
261,bookshelf_cage_0261,True,2,2.0,1,0.7035277289978694
262,bookshelf_cage_0262,True,1,1.0,1,0.15731741799390875
263,bookshelf_cage_0263,True,29,29.0,1,2.4786333310185
264,bookshelf_cage_0264,True,3,3.0,1,0.14556373801315203
265,bookshelf_cage_0265,True,36,36.0,1,5.039294835005421
266,bookshelf_cage_0266,True,10,10.0,1,3.320531690987991
267,bookshelf_cage_0267,True,5,5.0,1,0.6366052369994577
268,bookshelf_cage_0268,True,5,5.0,1,2.4470193910237867
269,bookshelf_cage_0269,True,13,13.0,1,1.904413618001854
270,bookshelf_cage_0270,True,10,10.0,1,1.091571515018586
271,bookshelf_cage_0271,True,28,14.0,2,8.91392000101041
272,bookshelf_cage_0272,True,3,3.0,1,0.26765872800024226
273,bookshelf_cage_0273,True,2,2.0,1,0.1827613380155526
274,bookshelf_cage_0274,True,4,4.0,1,0.3819968780153431
275,bookshelf_cage_0275,True,7,7.0,1,0.4149895419832319
276,bookshelf_cage_0276,True,9,9.0,1,0.5460709460021462
277,bookshelf_cage_0277,True,6,6.0,1,0.724063486995874
278,bookshelf_cage_0278,True,7,7.0,1,1.6460570950002875
279,bookshelf_cage_0279,True,17,17.0,1,1.8872840929834638
280,bookshelf_cage_0280,True,4,4.0,1,1.4954259390069637
281,bookshelf_cage_0281,True,12,12.0,1,0.2799697250011377
282,bookshelf_cage_0282,True,4,4.0,1,0.3069619159796275
283,bookshelf_cage_0283,True,3,3.0,1,0.15090816601878032
284,bookshelf_cage_0284,True,6,6.0,1,0.7085287889931351
285,bookshelf_cage_0285,True,10,10.0,1,0.7495259289862588
286,bookshelf_cage_0286,True,4,4.0,1,0.24165634598466568
287,bookshelf_cage_0287,True,9,9.0,1,1.1725927559891716
288,bookshelf_cage_0288,True,8,4.0,2,3.2843460779986344
289,bookshelf_cage_0289,True,5,5.0,1,0.18722435500239953
290,bookshelf_cage_0290,True,3,3.0,1,0.6217514930176549
291,bookshelf_cage_0291,True,2,2.0,1,0.183415737003088
292,bookshelf_cage_0292,True,29,29.0,1,1.3859992130019236
293,bookshelf_cage_0293,True,1,1.0,1,0.09015343300416134
294,bookshelf_cage_0294,True,14,14.0,1,1.2441569549846463
295,bookshelf_cage_0295,True,1,1.0,1,0.43792953199590556
296,bookshelf_cage_0296,True,2,2.0,1,0.6421634540020023
297,bookshelf_cage_0297,True,8,4.0,2,3.4829896009759977
298,bookshelf_cage_0298,True,9,9.0,1,0.6043018529890105
299,bookshelf_cage_0299,True,3,3.0,1,0.4477540939988103
300,bookshelf_cage_0300,True,4,4.0,1,0.25007739997818135
301,bookshelf_cage_0301,True,6,6.0,1,1.0798146440065466
302,bookshelf_cage_0302,True,10,10.0,1,1.89409277800587
303,bookshelf_cage_0303,True,4,4.0,1,0.6278773240046576
304,bookshelf_cage_0304,True,7,7.0,1,1.5042189700179733
305,bookshelf_cage_0305,True,3,1.5,2,2.7652186540071853
306,bookshelf_cage_0306,True,10,10.0,1,2.033389489981346
307,bookshelf_cage_0307,True,1,1.0,1,0.7232128389878199
308,bookshelf_cage_0308,True,4,4.0,1,0.705524274992058
309,bookshelf_cage_0309,True,1,1.0,1,0.11795566900400445
310,bookshelf_cage_0310,True,6,3.0,2,4.255204913992202
311,bookshelf_cage_0311,True,22,22.0,1,3.857590519997757
312,bookshelf_cage_0312,True,41,41.0,1,2.621649318985874
313,bookshelf_cage_0313,True,10,5.0,2,4.311478785006329
314,bookshelf_cage_0314,True,4,4.0,1,0.17227953698602505
315,bookshelf_cage_0315,True,7,7.0,1,0.6638136929832399
316,bookshelf_cage_0316,True,1,1.0,1,0.32877775802626275
317,bookshelf_cage_0317,True,1,1.0,1,0.2503448959905654
318,bookshelf_cage_0318,True,7,7.0,1,0.6844513019896112
319,bookshelf_cage_0319,True,2,2.0,1,0.24330267499317415
320,bookshelf_cage_0320,True,10,10.0,1,1.2573144399793819
321,bookshelf_cage_0321,True,3,3.0,1,0.19680259801680222
322,bookshelf_cage_0322,True,6,6.0,1,1.6468496900051832
323,bookshelf_cage_0323,True,19,19.0,1,2.15241837099893
324,bookshelf_cage_0324,True,9,9.0,1,1.3993812300032005
325,bookshelf_cage_0325,True,5,5.0,1,0.8847606130002532
326,bookshelf_cage_0326,True,1,1.0,1,0.8234171340009198
327,bookshelf_cage_0327,True,6,6.0,1,1.9216962220089044
328,bookshelf_cage_0328,True,2,0.5,4,8.602887281012954
329,bookshelf_cage_0329,True,14,14.0,1,1.8525829070131294
330,bookshelf_cage_0330,True,41,41.0,1,2.8994794210011605
331,bookshelf_cage_0331,True,6,6.0,1,0.294337102008285
332,bookshelf_cage_0332,True,8,8.0,1,1.895583894016454
333,bookshelf_cage_0333,True,8,8.0,1,1.775192336004693
334,bookshelf_cage_0334,True,22,22.0,1,1.4103012309933547
335,bookshelf_cage_0335,True,13,13.0,1,1.359426615992561
336,bookshelf_cage_0336,True,32,32.0,1,4.038786245015217
337,bookshelf_cage_0337,True,6,6.0,1,0.8860227919940371
338,bookshelf_cage_0338,True,10,10.0,1,3.3623551049968228
339,bookshelf_cage_0339,True,4,4.0,1,0.7240284470026381
340,bookshelf_cage_0340,True,7,3.5,2,5.278378466988215
341,bookshelf_cage_0341,True,3,3.0,1,0.45063602400477976
342,bookshelf_cage_0342,True,2,2.0,1,0.3866067519993521
343,bookshelf_cage_0343,True,16,16.0,1,1.9096604159858543
344,bookshelf_cage_0344,True,5,5.0,1,0.2617811840027571
345,bookshelf_cage_0345,True,1,1.0,1,0.32601448299828917
346,bookshelf_cage_0346,True,1,1.0,1,0.3992254439799581
347,bookshelf_cage_0347,True,1,1.0,1,0.6014000739960466
348,bookshelf_cage_0348,True,1,1.0,1,0.4164221410173923
349,bookshelf_cage_0349,True,5,5.0,1,0.47821173298871145
350,bookshelf_cage_0350,True,12,12.0,1,1.2509378049871884
351,bookshelf_cage_0351,True,19,19.0,1,2.8886811129923444
352,bookshelf_cage_0352,True,1,1.0,1,0.20849717798409984
353,bookshelf_cage_0353,True,2,0.25,8,21.073997686005896
354,bookshelf_cage_0354,True,5,5.0,1,1.4035489549860358
355,bookshelf_cage_0355,True,5,5.0,1,0.28151278500445187
356,bookshelf_cage_0356,True,2,2.0,1,0.4048582590185106
357,bookshelf_cage_0357,True,2,2.0,1,0.3930904990120325
358,bookshelf_cage_0358,True,8,8.0,1,0.8063897000101861
359,bookshelf_cage_0359,True,5,5.0,1,1.0420371200016234
360,bookshelf_cage_0360,True,16,2.6666666666666665,6,13.687086374004139
361,bookshelf_cage_0361,True,5,5.0,1,0.27147637598682195
362,bookshelf_cage_0362,True,2,2.0,1,0.7084733560041059
363,bookshelf_cage_0363,True,4,4.0,1,1.6611640979826916
364,bookshelf_cage_0364,True,28,28.0,1,3.659980247000931
365,bookshelf_cage_0365,True,1,0.5,2,3.425900403992273
366,bookshelf_cage_0366,True,3,3.0,1,0.12139943600050174
367,bookshelf_cage_0367,True,8,8.0,1,0.7672386179910973
368,bookshelf_cage_0368,True,22,22.0,1,2.559279242006596
369,bookshelf_cage_0369,True,5,5.0,1,1.44333548299619
370,bookshelf_cage_0370,True,20,20.0,1,2.2236758040089626
371,bookshelf_cage_0371,True,2,2.0,1,0.6007201180036645
372,bookshelf_cage_0372,True,3,3.0,1,0.6546622330206446
373,bookshelf_cage_0373,True,13,13.0,1,1.2620630279998295
374,bookshelf_cage_0374,True,2,2.0,1,1.4493122299900278
375,bookshelf_cage_0375,True,13,13.0,1,0.9654116159945261
376,bookshelf_cage_0376,True,2,2.0,1,0.29268864399637096
377,bookshelf_cage_0377,True,1,0.5,2,2.493868057994405
378,bookshelf_cage_0378,True,3,1.5,2,4.000846545008244
379,bookshelf_cage_0379,True,7,7.0,1,0.6609516289900057
380,bookshelf_cage_0380,True,26,26.0,1,4.040826312993886
381,bookshelf_cage_0381,True,10,10.0,1,2.180657810997218
382,bookshelf_cage_0382,True,5,5.0,1,1.2319226159888785
383,bookshelf_cage_0383,True,3,1.5,2,3.0587884769774973
384,bookshelf_cage_0384,True,5,1.0,5,9.189352415996836
385,bookshelf_cage_0385,True,8,8.0,1,2.965687957010232
386,bookshelf_cage_0386,True,2,2.0,1,0.16805341700091958
387,bookshelf_cage_0387,True,5,5.0,1,0.5058878260024358
388,bookshelf_cage_0388,True,14,14.0,1,2.486003465979593
389,bookshelf_cage_0389,True,10,10.0,1,1.9566697910195217
390,bookshelf_cage_0390,True,2,2.0,1,0.3724633109814022
391,bookshelf_cage_0391,True,6,6.0,1,1.2507183990092017
392,bookshelf_cage_0392,True,8,8.0,1,0.686302871996304
393,bookshelf_cage_0393,True,4,4.0,1,0.2689371299929917
394,bookshelf_cage_0394,True,1,1.0,1,0.18781963697983883
395,bookshelf_cage_0395,True,11,11.0,1,1.645705306000309
396,bookshelf_cage_0396,True,9,9.0,1,1.1361716780229472
397,bookshelf_cage_0397,True,2,2.0,1,0.24680229200748727
398,bookshelf_cage_0398,True,2,2.0,1,0.37139400801970623
399,bookshelf_cage_0399,True,3,3.0,1,0.714871233998565
400,bookshelf_cage_0400,True,2,2.0,1,0.7950646599929314
401,bookshelf_cage_0401,True,2,2.0,1,0.263242815999547
402,bookshelf_cage_0402,True,4,4.0,1,0.24764594100997783
403,bookshelf_cage_0403,True,7,3.5,2,2.3873548390110955
404,bookshelf_cage_0404,True,2,2.0,1,0.1487936650228221
405,bookshelf_cage_0405,True,10,10.0,1,1.371361216995865
406,bookshelf_cage_0406,True,2,1.0,2,3.3924015299999155
407,bookshelf_cage_0407,True,2,2.0,1,0.17432058800477535
408,bookshelf_cage_0408,True,5,5.0,1,1.5511344010010362
409,bookshelf_cage_0409,True,1,1.0,1,0.3419869409990497
410,bookshelf_cage_0410,True,2,2.0,1,0.42929289099993184
411,bookshelf_cage_0411,True,7,7.0,1,0.27576524001779035
412,bookshelf_cage_0412,True,6,6.0,1,0.6813018769898918
413,bookshelf_cage_0413,True,18,9.0,2,6.138006264984142
414,bookshelf_cage_0414,True,4,4.0,1,0.21539539599325508
415,bookshelf_cage_0415,True,6,6.0,1,1.1463824849925004
416,bookshelf_cage_0416,True,2,1.0,2,2.2401031329936814
417,bookshelf_cage_0417,True,2,2.0,1,0.26766699497238733
418,bookshelf_cage_0418,True,5,5.0,1,0.20960787200601771
419,bookshelf_cage_0419,True,5,5.0,1,0.7593160969845485
420,bookshelf_cage_0420,True,3,3.0,1,0.5512095750018489
421,bookshelf_cage_0421,True,13,13.0,1,1.0472188079729676
422,bookshelf_cage_0422,True,62,62.0,1,8.727326302992878
423,bookshelf_cage_0423,True,6,6.0,1,1.494462939008372
424,bookshelf_cage_0424,True,3,3.0,1,0.7314642280107364
425,bookshelf_cage_0425,True,4,4.0,1,0.1256949689995963
426,bookshelf_cage_0426,True,1,1.0,1,0.5670044870057609
427,bookshelf_cage_0427,True,12,12.0,1,3.0488244099833537
428,bookshelf_cage_0428,True,2,2.0,1,0.3445486100099515
429,bookshelf_cage_0429,True,4,4.0,1,0.17080820898991078
430,bookshelf_cage_0430,True,1,1.0,1,0.17854488699231297
431,bookshelf_cage_0431,True,5,5.0,1,0.5785967209958471
432,bookshelf_cage_0432,True,2,2.0,1,0.3568557999969926
433,bookshelf_cage_0433,True,1,1.0,1,0.18141535102040507
434,bookshelf_cage_0434,True,6,6.0,1,1.1485533689847216
435,bookshelf_cage_0435,True,2,2.0,1,0.13087721398915164
436,bookshelf_cage_0436,True,4,4.0,1,0.6658674900245387
437,bookshelf_cage_0437,True,6,6.0,1,0.8352176710031927
438,bookshelf_cage_0438,True,37,18.5,2,7.615389248006977
439,bookshelf_cage_0439,True,3,3.0,1,0.49541103999945335
440,bookshelf_cage_0440,True,4,4.0,1,0.6668723819893785
441,bookshelf_cage_0441,True,4,4.0,1,0.684312397002941
442,bookshelf_cage_0442,True,6,3.0,2,5.716587706003338
443,bookshelf_cage_0443,True,1,1.0,1,0.41827331599779427
444,bookshelf_cage_0444,True,16,5.333333333333333,3,5.4162475369812455
445,bookshelf_cage_0445,True,8,8.0,1,1.349900216999231
446,bookshelf_cage_0446,True,11,11.0,1,1.3163927599962335
447,bookshelf_cage_0447,True,2,2.0,1,0.19201869299286045
448,bookshelf_cage_0448,True,7,7.0,1,2.452951760002179
449,bookshelf_cage_0449,True,2,2.0,1,0.07481302702217363
450,bookshelf_cage_0450,True,5,5.0,1,1.3133693290001247
451,bookshelf_cage_0451,True,3,3.0,1,0.6002954519935884
452,bookshelf_cage_0452,True,5,5.0,1,0.702895650989376
453,bookshelf_cage_0453,True,2,2.0,1,0.7470755789836403
454,bookshelf_cage_0454,True,2,2.0,1,0.10699874500278383
455,bookshelf_cage_0455,True,3,3.0,1,0.8877638700068928
456,bookshelf_cage_0456,True,12,6.0,2,3.8693274240067694
457,bookshelf_cage_0457,True,2,2.0,1,0.2398907789902296
458,bookshelf_cage_0458,True,1,1.0,1,0.13944239600095898
459,bookshelf_cage_0459,True,4,4.0,1,0.12884502101223916
460,bookshelf_cage_0460,True,2,2.0,1,0.2458925299870316
461,bookshelf_cage_0461,True,1,1.0,1,0.08241184099460952
462,bookshelf_cage_0462,True,4,2.0,2,2.0581672780099325
463,bookshelf_cage_0463,True,5,5.0,1,0.2767162239761092
464,bookshelf_cage_0464,True,1,1.0,1,0.18700706399977207
465,bookshelf_cage_0465,True,7,7.0,1,0.4610135389957577
466,bookshelf_cage_0466,True,9,9.0,1,1.0413723399979062
467,bookshelf_cage_0467,True,19,19.0,1,0.9885436660260893
468,bookshelf_cage_0468,True,4,4.0,1,0.8155298620113172
469,bookshelf_cage_0469,True,3,3.0,1,0.11275391100207344
470,bookshelf_cage_0470,True,1,1.0,1,0.061933388002216816
471,bookshelf_cage_0471,True,4,2.0,2,1.7386700469942298
472,bookshelf_cage_0472,True,32,10.666666666666666,3,8.146921503997874
473,bookshelf_cage_0473,True,1,1.0,1,0.28135574198677205
474,bookshelf_cage_0474,True,29,29.0,1,1.9260553749918472
475,bookshelf_cage_0475,True,8,8.0,1,1.033922041009646
476,bookshelf_cage_0476,True,2,2.0,1,0.34323761498671956
477,bookshelf_cage_0477,True,10,5.0,2,1.765194954990875
478,bookshelf_cage_0478,True,1,1.0,1,0.2947724089899566
479,bookshelf_cage_0479,True,15,15.0,1,0.5894564750196878
480,bookshelf_cage_0480,True,3,3.0,1,0.15830625299713574
481,bookshelf_cage_0481,True,12,12.0,1,3.1745187070046086
482,bookshelf_cage_0482,True,2,2.0,1,0.44413326602079906
483,bookshelf_cage_0483,True,10,10.0,1,2.2115019719931297
484,bookshelf_cage_0484,True,3,3.0,1,0.6018400409957394
485,bookshelf_cage_0485,True,1,1.0,1,0.32522081802017055
486,bookshelf_cage_0486,True,1,0.5,2,2.5626600889954716
487,bookshelf_cage_0487,True,6,6.0,1,0.6044985520129558
488,bookshelf_cage_0488,True,1,1.0,1,0.39978252397850156
489,bookshelf_cage_0489,True,3,0.6,5,11.956625733990222
490,bookshelf_cage_0490,True,15,15.0,1,3.8297355819959193
491,bookshelf_cage_0491,True,8,8.0,1,0.34836409901618026
492,bookshelf_cage_0492,True,5,5.0,1,0.2845077409874648
493,bookshelf_cage_0493,True,1,1.0,1,0.227291132992832
494,bookshelf_cage_0494,True,10,10.0,1,1.3906907960190438
495,bookshelf_cage_0495,True,39,5.571428571428571,7,13.874582225020276
496,bookshelf_cage_0496,True,2,2.0,1,0.3633617930172477
497,bookshelf_cage_0497,True,3,3.0,1,0.649888629995985
498,bookshelf_cage_0498,True,6,6.0,1,0.23797239101259038
499,bookshelf_cage_0499,True,1,1.0,1,0.36228804700658657
